audience,example,person,entity_type,count,over_summary_length
none,none,1,CARDINAL,5,0.0011913271384322134
none,none,1,NORP,2,0.0004765308553728854
none,none,1,MONEY,2,0.0004765308553728854
none,none,1,PERSON,18,0.004288777698355968
none,none,1,ORG,8,0.0019061234214915416
none,none,1,GPE,33,0.007862759113652609
none,none,1,DATE,8,0.0019061234214915416
none,none,1,FAC,3,0.0007147962830593281
none,none,1,TOTAL,79,0.018822968787228972
none,none,1,CARDINAL,5,0.0011913271384322134
none,none,1,NORP,2,0.0004765308553728854
none,none,1,MONEY,2,0.0004765308553728854
none,none,1,PERSON,18,0.004288777698355968
none,none,1,ORG,8,0.0019061234214915416
none,none,1,GPE,33,0.007862759113652609
none,none,1,DATE,8,0.0019061234214915416
none,none,1,FAC,3,0.0007147962830593281
none,none,1,TOTAL,79,0.018822968787228972
none,none,1,CARDINAL,5,0.0011913271384322134
none,none,1,NORP,2,0.0004765308553728854
none,none,1,MONEY,2,0.0004765308553728854
none,none,1,PERSON,18,0.004288777698355968
none,none,1,ORG,8,0.0019061234214915416
none,none,1,GPE,33,0.007862759113652609
none,none,1,DATE,8,0.0019061234214915416
none,none,1,FAC,3,0.0007147962830593281
none,none,1,TOTAL,79,0.018822968787228972
none,manual_example,1,CARDINAL,1,0.00046598322460391424
none,manual_example,1,NORP,4,0.001863932898415657
none,manual_example,1,MONEY,1,0.00046598322460391424
none,manual_example,1,GPE,10,0.004659832246039142
none,manual_example,1,DATE,3,0.0013979496738117428
none,manual_example,1,PERSON,5,0.002329916123019571
none,manual_example,1,ORG,4,0.001863932898415657
none,manual_example,1,TOTAL,28,0.0130475302889096
none,manual_example,1,CARDINAL,1,0.00046598322460391424
none,manual_example,1,NORP,4,0.001863932898415657
none,manual_example,1,MONEY,1,0.00046598322460391424
none,manual_example,1,GPE,10,0.004659832246039142
none,manual_example,1,DATE,3,0.0013979496738117428
none,manual_example,1,PERSON,5,0.002329916123019571
none,manual_example,1,ORG,4,0.001863932898415657
none,manual_example,1,TOTAL,28,0.0130475302889096
none,manual_example,1,CARDINAL,1,0.00046598322460391424
none,manual_example,1,NORP,4,0.001863932898415657
none,manual_example,1,MONEY,1,0.00046598322460391424
none,manual_example,1,GPE,10,0.004659832246039142
none,manual_example,1,DATE,3,0.0013979496738117428
none,manual_example,1,PERSON,5,0.002329916123019571
none,manual_example,1,ORG,4,0.001863932898415657
none,manual_example,1,TOTAL,28,0.0130475302889096
none,masked_manual_example,1,CARDINAL,2,0.0009319664492078285
none,masked_manual_example,1,NORP,3,0.0013979496738117428
none,masked_manual_example,1,MONEY,1,0.00046598322460391424
none,masked_manual_example,1,GPE,12,0.005591798695246971
none,masked_manual_example,1,PERSON,10,0.004659832246039142
none,masked_manual_example,1,LOC,1,0.00046598322460391424
none,masked_manual_example,1,DATE,1,0.00046598322460391424
none,masked_manual_example,1,ORG,4,0.001863932898415657
none,masked_manual_example,1,TOTAL,34,0.015843429636533086
none,masked_manual_example,1,CARDINAL,2,0.0009319664492078285
none,masked_manual_example,1,NORP,3,0.0013979496738117428
none,masked_manual_example,1,MONEY,1,0.00046598322460391424
none,masked_manual_example,1,GPE,12,0.005591798695246971
none,masked_manual_example,1,PERSON,10,0.004659832246039142
none,masked_manual_example,1,LOC,1,0.00046598322460391424
none,masked_manual_example,1,DATE,1,0.00046598322460391424
none,masked_manual_example,1,ORG,4,0.001863932898415657
none,masked_manual_example,1,TOTAL,34,0.015843429636533086
none,masked_manual_example,1,CARDINAL,2,0.0009319664492078285
none,masked_manual_example,1,NORP,3,0.0013979496738117428
none,masked_manual_example,1,MONEY,1,0.00046598322460391424
none,masked_manual_example,1,GPE,12,0.005591798695246971
none,masked_manual_example,1,PERSON,10,0.004659832246039142
none,masked_manual_example,1,LOC,1,0.00046598322460391424
none,masked_manual_example,1,DATE,1,0.00046598322460391424
none,masked_manual_example,1,ORG,4,0.001863932898415657
none,masked_manual_example,1,TOTAL,34,0.015843429636533086
none,masked_template,1,PERCENT,1,0.0005202913631633715
none,masked_template,1,GPE,8,0.004162330905306972
none,masked_template,1,ORG,2,0.001040582726326743
none,masked_template,1,PERSON,6,0.003121748178980229
none,masked_template,1,NORP,1,0.0005202913631633715
none,masked_template,1,TOTAL,18,0.009365244536940686
none,masked_template,1,PERCENT,1,0.0005202913631633715
none,masked_template,1,GPE,8,0.004162330905306972
none,masked_template,1,ORG,2,0.001040582726326743
none,masked_template,1,PERSON,6,0.003121748178980229
none,masked_template,1,NORP,1,0.0005202913631633715
none,masked_template,1,TOTAL,18,0.009365244536940686
none,masked_template,1,PERCENT,1,0.0005202913631633715
none,masked_template,1,GPE,8,0.004162330905306972
none,masked_template,1,ORG,2,0.001040582726326743
none,masked_template,1,PERSON,6,0.003121748178980229
none,masked_template,1,NORP,1,0.0005202913631633715
none,masked_template,1,TOTAL,18,0.009365244536940686
self,none,1,PERSON,9,0.004087193460490463
self,none,1,GPE,11,0.004995458673932788
self,none,1,FAC,1,0.00045413260672116256
self,none,1,ORG,2,0.0009082652134423251
self,none,1,NORP,1,0.00045413260672116256
self,none,1,DATE,3,0.0013623978201634877
self,none,1,TOTAL,27,0.01226158038147139
self,none,1,PERSON,9,0.004087193460490463
self,none,1,GPE,11,0.004995458673932788
self,none,1,FAC,1,0.00045413260672116256
self,none,1,ORG,2,0.0009082652134423251
self,none,1,NORP,1,0.00045413260672116256
self,none,1,DATE,3,0.0013623978201634877
self,none,1,TOTAL,27,0.01226158038147139
self,none,1,PERSON,9,0.004087193460490463
self,none,1,GPE,11,0.004995458673932788
self,none,1,FAC,1,0.00045413260672116256
self,none,1,ORG,2,0.0009082652134423251
self,none,1,NORP,1,0.00045413260672116256
self,none,1,DATE,3,0.0013623978201634877
self,none,1,TOTAL,27,0.01226158038147139
self,manual_example,1,CARDINAL,2,0.0006664445184938354
self,manual_example,1,NORP,4,0.0013328890369876708
self,manual_example,1,MONEY,2,0.0006664445184938354
self,manual_example,1,ORG,5,0.0016661112962345886
self,manual_example,1,GPE,21,0.006997667444185272
self,manual_example,1,DATE,9,0.002999000333222259
self,manual_example,1,PERSON,15,0.004998333888703766
self,manual_example,1,TIME,1,0.0003332222592469177
self,manual_example,1,FAC,1,0.0003332222592469177
self,manual_example,1,TOTAL,60,0.019993335554815063
self,manual_example,1,CARDINAL,2,0.0006664445184938354
self,manual_example,1,NORP,4,0.0013328890369876708
self,manual_example,1,MONEY,2,0.0006664445184938354
self,manual_example,1,ORG,5,0.0016661112962345886
self,manual_example,1,GPE,21,0.006997667444185272
self,manual_example,1,DATE,9,0.002999000333222259
self,manual_example,1,PERSON,15,0.004998333888703766
self,manual_example,1,TIME,1,0.0003332222592469177
self,manual_example,1,FAC,1,0.0003332222592469177
self,manual_example,1,TOTAL,60,0.019993335554815063
self,manual_example,1,CARDINAL,2,0.0006664445184938354
self,manual_example,1,NORP,4,0.0013328890369876708
self,manual_example,1,MONEY,2,0.0006664445184938354
self,manual_example,1,ORG,5,0.0016661112962345886
self,manual_example,1,GPE,21,0.006997667444185272
self,manual_example,1,DATE,9,0.002999000333222259
self,manual_example,1,PERSON,15,0.004998333888703766
self,manual_example,1,TIME,1,0.0003332222592469177
self,manual_example,1,FAC,1,0.0003332222592469177
self,manual_example,1,TOTAL,60,0.019993335554815063
self,masked_manual_example,1,CARDINAL,1,0.0004046944556859571
self,masked_manual_example,1,NORP,1,0.0004046944556859571
self,masked_manual_example,1,MONEY,2,0.0008093889113719142
self,masked_manual_example,1,ORG,6,0.0024281667341157424
self,masked_manual_example,1,GPE,11,0.004451639012545528
self,masked_manual_example,1,DATE,6,0.0024281667341157424
self,masked_manual_example,1,PERSON,7,0.0028328611898017
self,masked_manual_example,1,FAC,2,0.0008093889113719142
self,masked_manual_example,1,TOTAL,36,0.014569000404694455
self,masked_manual_example,1,CARDINAL,1,0.0004046944556859571
self,masked_manual_example,1,NORP,1,0.0004046944556859571
self,masked_manual_example,1,MONEY,2,0.0008093889113719142
self,masked_manual_example,1,ORG,6,0.0024281667341157424
self,masked_manual_example,1,GPE,11,0.004451639012545528
self,masked_manual_example,1,DATE,6,0.0024281667341157424
self,masked_manual_example,1,PERSON,7,0.0028328611898017
self,masked_manual_example,1,FAC,2,0.0008093889113719142
self,masked_manual_example,1,TOTAL,36,0.014569000404694455
self,masked_manual_example,1,CARDINAL,1,0.0004046944556859571
self,masked_manual_example,1,NORP,1,0.0004046944556859571
self,masked_manual_example,1,MONEY,2,0.0008093889113719142
self,masked_manual_example,1,ORG,6,0.0024281667341157424
self,masked_manual_example,1,GPE,11,0.004451639012545528
self,masked_manual_example,1,DATE,6,0.0024281667341157424
self,masked_manual_example,1,PERSON,7,0.0028328611898017
self,masked_manual_example,1,FAC,2,0.0008093889113719142
self,masked_manual_example,1,TOTAL,36,0.014569000404694455
self,masked_template,1,NORP,1,0.0005945303210463733
self,masked_template,1,MONEY,1,0.0005945303210463733
self,masked_template,1,GPE,13,0.0077288941736028535
self,masked_template,1,PERSON,6,0.0035671819262782403
self,masked_template,1,DATE,1,0.0005945303210463733
self,masked_template,1,TOTAL,22,0.013079667063020214
self,masked_template,1,NORP,1,0.0005945303210463733
self,masked_template,1,MONEY,1,0.0005945303210463733
self,masked_template,1,GPE,13,0.0077288941736028535
self,masked_template,1,PERSON,6,0.0035671819262782403
self,masked_template,1,DATE,1,0.0005945303210463733
self,masked_template,1,TOTAL,22,0.013079667063020214
self,masked_template,1,NORP,1,0.0005945303210463733
self,masked_template,1,MONEY,1,0.0005945303210463733
self,masked_template,1,GPE,13,0.0077288941736028535
self,masked_template,1,PERSON,6,0.0035671819262782403
self,masked_template,1,DATE,1,0.0005945303210463733
self,masked_template,1,TOTAL,22,0.013079667063020214
peer,none,1,NORP,1,0.00037257824143070045
peer,none,1,MONEY,1,0.00037257824143070045
peer,none,1,PERSON,7,0.0026080476900149033
peer,none,1,DATE,49,0.01825633383010432
peer,none,1,CARDINAL,4,0.0014903129657228018
peer,none,1,ORG,2,0.0007451564828614009
peer,none,1,GPE,16,0.005961251862891207
peer,none,1,LOC,1,0.00037257824143070045
peer,none,1,LANGUAGE,1,0.00037257824143070045
peer,none,1,FAC,1,0.00037257824143070045
peer,none,1,TOTAL,83,0.030923994038748136
peer,none,1,NORP,1,0.00037257824143070045
peer,none,1,MONEY,1,0.00037257824143070045
peer,none,1,PERSON,7,0.0026080476900149033
peer,none,1,DATE,49,0.01825633383010432
peer,none,1,CARDINAL,4,0.0014903129657228018
peer,none,1,ORG,2,0.0007451564828614009
peer,none,1,GPE,16,0.005961251862891207
peer,none,1,LOC,1,0.00037257824143070045
peer,none,1,LANGUAGE,1,0.00037257824143070045
peer,none,1,FAC,1,0.00037257824143070045
peer,none,1,TOTAL,83,0.030923994038748136
peer,none,1,NORP,1,0.00037257824143070045
peer,none,1,MONEY,1,0.00037257824143070045
peer,none,1,PERSON,7,0.0026080476900149033
peer,none,1,DATE,49,0.01825633383010432
peer,none,1,CARDINAL,4,0.0014903129657228018
peer,none,1,ORG,2,0.0007451564828614009
peer,none,1,GPE,16,0.005961251862891207
peer,none,1,LOC,1,0.00037257824143070045
peer,none,1,LANGUAGE,1,0.00037257824143070045
peer,none,1,FAC,1,0.00037257824143070045
peer,none,1,TOTAL,83,0.030923994038748136
peer,manual_example,1,NORP,3,0.0014829461196243204
peer,manual_example,1,MONEY,1,0.0004943153732081067
peer,manual_example,1,ORG,4,0.001977261492832427
peer,manual_example,1,GPE,13,0.006426099851705388
peer,manual_example,1,LOC,2,0.0009886307464162135
peer,manual_example,1,PERSON,8,0.003954522985664854
peer,manual_example,1,DATE,3,0.0014829461196243204
peer,manual_example,1,TIME,1,0.0004943153732081067
peer,manual_example,1,TOTAL,35,0.01730103806228374
peer,manual_example,1,NORP,3,0.0014829461196243204
peer,manual_example,1,MONEY,1,0.0004943153732081067
peer,manual_example,1,ORG,4,0.001977261492832427
peer,manual_example,1,GPE,13,0.006426099851705388
peer,manual_example,1,LOC,2,0.0009886307464162135
peer,manual_example,1,PERSON,8,0.003954522985664854
peer,manual_example,1,DATE,3,0.0014829461196243204
peer,manual_example,1,TIME,1,0.0004943153732081067
peer,manual_example,1,TOTAL,35,0.01730103806228374
peer,manual_example,1,NORP,3,0.0014829461196243204
peer,manual_example,1,MONEY,1,0.0004943153732081067
peer,manual_example,1,ORG,4,0.001977261492832427
peer,manual_example,1,GPE,13,0.006426099851705388
peer,manual_example,1,LOC,2,0.0009886307464162135
peer,manual_example,1,PERSON,8,0.003954522985664854
peer,manual_example,1,DATE,3,0.0014829461196243204
peer,manual_example,1,TIME,1,0.0004943153732081067
peer,manual_example,1,TOTAL,35,0.01730103806228374
peer,masked_manual_example,1,NORP,1,0.00044033465433729633
peer,masked_manual_example,1,MONEY,1,0.00044033465433729633
peer,masked_manual_example,1,ORG,1,0.00044033465433729633
peer,masked_manual_example,1,GPE,11,0.0048436811977102595
peer,masked_manual_example,1,LOC,1,0.00044033465433729633
peer,masked_manual_example,1,DATE,1,0.00044033465433729633
peer,masked_manual_example,1,PERSON,3,0.001321003963011889
peer,masked_manual_example,1,TOTAL,19,0.00836635843240863
peer,masked_manual_example,1,NORP,1,0.00044033465433729633
peer,masked_manual_example,1,MONEY,1,0.00044033465433729633
peer,masked_manual_example,1,ORG,1,0.00044033465433729633
peer,masked_manual_example,1,GPE,11,0.0048436811977102595
peer,masked_manual_example,1,LOC,1,0.00044033465433729633
peer,masked_manual_example,1,DATE,1,0.00044033465433729633
peer,masked_manual_example,1,PERSON,3,0.001321003963011889
peer,masked_manual_example,1,TOTAL,19,0.00836635843240863
peer,masked_manual_example,1,NORP,1,0.00044033465433729633
peer,masked_manual_example,1,MONEY,1,0.00044033465433729633
peer,masked_manual_example,1,ORG,1,0.00044033465433729633
peer,masked_manual_example,1,GPE,11,0.0048436811977102595
peer,masked_manual_example,1,LOC,1,0.00044033465433729633
peer,masked_manual_example,1,DATE,1,0.00044033465433729633
peer,masked_manual_example,1,PERSON,3,0.001321003963011889
peer,masked_manual_example,1,TOTAL,19,0.00836635843240863
peer,masked_template,1,CARDINAL,2,0.0008210180623973727
peer,masked_template,1,PERCENT,1,0.00041050903119868636
peer,masked_template,1,NORP,2,0.0008210180623973727
peer,masked_template,1,MONEY,3,0.0012315270935960591
peer,masked_template,1,ORG,2,0.0008210180623973727
peer,masked_template,1,GPE,11,0.00451559934318555
peer,masked_template,1,LOC,1,0.00041050903119868636
peer,masked_template,1,PERSON,2,0.0008210180623973727
peer,masked_template,1,FAC,1,0.00041050903119868636
peer,masked_template,1,TOTAL,25,0.010262725779967159
peer,masked_template,1,CARDINAL,2,0.0008210180623973727
peer,masked_template,1,PERCENT,1,0.00041050903119868636
peer,masked_template,1,NORP,2,0.0008210180623973727
peer,masked_template,1,MONEY,3,0.0012315270935960591
peer,masked_template,1,ORG,2,0.0008210180623973727
peer,masked_template,1,GPE,11,0.00451559934318555
peer,masked_template,1,LOC,1,0.00041050903119868636
peer,masked_template,1,PERSON,2,0.0008210180623973727
peer,masked_template,1,FAC,1,0.00041050903119868636
peer,masked_template,1,TOTAL,25,0.010262725779967159
peer,masked_template,1,CARDINAL,2,0.0008210180623973727
peer,masked_template,1,PERCENT,1,0.00041050903119868636
peer,masked_template,1,NORP,2,0.0008210180623973727
peer,masked_template,1,MONEY,3,0.0012315270935960591
peer,masked_template,1,ORG,2,0.0008210180623973727
peer,masked_template,1,GPE,11,0.00451559934318555
peer,masked_template,1,LOC,1,0.00041050903119868636
peer,masked_template,1,PERSON,2,0.0008210180623973727
peer,masked_template,1,FAC,1,0.00041050903119868636
peer,masked_template,1,TOTAL,25,0.010262725779967159
manager,none,1,NORP,1,0.0007107320540156361
manager,none,1,MONEY,1,0.0007107320540156361
manager,none,1,GPE,9,0.006396588486140725
manager,none,1,FAC,1,0.0007107320540156361
manager,none,1,PERSON,1,0.0007107320540156361
manager,none,1,TOTAL,13,0.00923951670220327
manager,none,1,NORP,1,0.0007107320540156361
manager,none,1,MONEY,1,0.0007107320540156361
manager,none,1,GPE,9,0.006396588486140725
manager,none,1,FAC,1,0.0007107320540156361
manager,none,1,PERSON,1,0.0007107320540156361
manager,none,1,TOTAL,13,0.00923951670220327
manager,none,1,NORP,1,0.0007107320540156361
manager,none,1,MONEY,1,0.0007107320540156361
manager,none,1,GPE,9,0.006396588486140725
manager,none,1,FAC,1,0.0007107320540156361
manager,none,1,PERSON,1,0.0007107320540156361
manager,none,1,TOTAL,13,0.00923951670220327
manager,manual_example,1,NORP,1,0.00038774718883288094
manager,manual_example,1,MONEY,2,0.0007754943776657619
manager,manual_example,1,ORG,3,0.0011632415664986429
manager,manual_example,1,GPE,13,0.005040713454827452
manager,manual_example,1,LOC,2,0.0007754943776657619
manager,manual_example,1,PERSON,8,0.0031019775106630476
manager,manual_example,1,DATE,3,0.0011632415664986429
manager,manual_example,1,CARDINAL,2,0.0007754943776657619
manager,manual_example,1,TIME,1,0.00038774718883288094
manager,manual_example,1,PERCENT,1,0.00038774718883288094
manager,manual_example,1,TOTAL,36,0.013958898797983715
manager,manual_example,1,NORP,1,0.00038774718883288094
manager,manual_example,1,MONEY,2,0.0007754943776657619
manager,manual_example,1,ORG,3,0.0011632415664986429
manager,manual_example,1,GPE,13,0.005040713454827452
manager,manual_example,1,LOC,2,0.0007754943776657619
manager,manual_example,1,PERSON,8,0.0031019775106630476
manager,manual_example,1,DATE,3,0.0011632415664986429
manager,manual_example,1,CARDINAL,2,0.0007754943776657619
manager,manual_example,1,TIME,1,0.00038774718883288094
manager,manual_example,1,PERCENT,1,0.00038774718883288094
manager,manual_example,1,TOTAL,36,0.013958898797983715
manager,manual_example,1,NORP,1,0.00038774718883288094
manager,manual_example,1,MONEY,2,0.0007754943776657619
manager,manual_example,1,ORG,3,0.0011632415664986429
manager,manual_example,1,GPE,13,0.005040713454827452
manager,manual_example,1,LOC,2,0.0007754943776657619
manager,manual_example,1,PERSON,8,0.0031019775106630476
manager,manual_example,1,DATE,3,0.0011632415664986429
manager,manual_example,1,CARDINAL,2,0.0007754943776657619
manager,manual_example,1,TIME,1,0.00038774718883288094
manager,manual_example,1,PERCENT,1,0.00038774718883288094
manager,manual_example,1,TOTAL,36,0.013958898797983715
manager,masked_manual_example,1,NORP,2,0.0006190034045187249
manager,masked_manual_example,1,MONEY,1,0.00030950170225936243
manager,masked_manual_example,1,PERSON,19,0.005880532342927886
manager,masked_manual_example,1,ORG,5,0.0015475085112968121
manager,masked_manual_example,1,GPE,17,0.005261528938409161
manager,masked_manual_example,1,LOC,2,0.0006190034045187249
manager,masked_manual_example,1,DATE,6,0.0018570102135561746
manager,masked_manual_example,1,FAC,1,0.00030950170225936243
manager,masked_manual_example,1,CARDINAL,1,0.00030950170225936243
manager,masked_manual_example,1,ORDINAL,1,0.00030950170225936243
manager,masked_manual_example,1,TOTAL,55,0.017022593624264934
manager,masked_manual_example,1,NORP,2,0.0006190034045187249
manager,masked_manual_example,1,MONEY,1,0.00030950170225936243
manager,masked_manual_example,1,PERSON,19,0.005880532342927886
manager,masked_manual_example,1,ORG,5,0.0015475085112968121
manager,masked_manual_example,1,GPE,17,0.005261528938409161
manager,masked_manual_example,1,LOC,2,0.0006190034045187249
manager,masked_manual_example,1,DATE,6,0.0018570102135561746
manager,masked_manual_example,1,FAC,1,0.00030950170225936243
manager,masked_manual_example,1,CARDINAL,1,0.00030950170225936243
manager,masked_manual_example,1,ORDINAL,1,0.00030950170225936243
manager,masked_manual_example,1,TOTAL,55,0.017022593624264934
manager,masked_manual_example,1,NORP,2,0.0006190034045187249
manager,masked_manual_example,1,MONEY,1,0.00030950170225936243
manager,masked_manual_example,1,PERSON,19,0.005880532342927886
manager,masked_manual_example,1,ORG,5,0.0015475085112968121
manager,masked_manual_example,1,GPE,17,0.005261528938409161
manager,masked_manual_example,1,LOC,2,0.0006190034045187249
manager,masked_manual_example,1,DATE,6,0.0018570102135561746
manager,masked_manual_example,1,FAC,1,0.00030950170225936243
manager,masked_manual_example,1,CARDINAL,1,0.00030950170225936243
manager,masked_manual_example,1,ORDINAL,1,0.00030950170225936243
manager,masked_manual_example,1,TOTAL,55,0.017022593624264934
manager,masked_template,1,CARDINAL,2,0.0009760858955588092
manager,masked_template,1,PERCENT,1,0.0004880429477794046
manager,masked_template,1,NORP,2,0.0009760858955588092
manager,masked_template,1,MONEY,1,0.0004880429477794046
manager,masked_template,1,GPE,6,0.0029282576866764276
manager,masked_template,1,FAC,2,0.0009760858955588092
manager,masked_template,1,PERSON,2,0.0009760858955588092
manager,masked_template,1,ORG,4,0.0019521717911176184
manager,masked_template,1,TOTAL,20,0.009760858955588092
manager,masked_template,1,CARDINAL,2,0.0009760858955588092
manager,masked_template,1,PERCENT,1,0.0004880429477794046
manager,masked_template,1,NORP,2,0.0009760858955588092
manager,masked_template,1,MONEY,1,0.0004880429477794046
manager,masked_template,1,GPE,6,0.0029282576866764276
manager,masked_template,1,FAC,2,0.0009760858955588092
manager,masked_template,1,PERSON,2,0.0009760858955588092
manager,masked_template,1,ORG,4,0.0019521717911176184
manager,masked_template,1,TOTAL,20,0.009760858955588092
manager,masked_template,1,CARDINAL,2,0.0009760858955588092
manager,masked_template,1,PERCENT,1,0.0004880429477794046
manager,masked_template,1,NORP,2,0.0009760858955588092
manager,masked_template,1,MONEY,1,0.0004880429477794046
manager,masked_template,1,GPE,6,0.0029282576866764276
manager,masked_template,1,FAC,2,0.0009760858955588092
manager,masked_template,1,PERSON,2,0.0009760858955588092
manager,masked_template,1,ORG,4,0.0019521717911176184
manager,masked_template,1,TOTAL,20,0.009760858955588092
none,none,2,GPE,27,0.014077163712200209
none,none,2,ORG,6,0.0031282586027111575
none,none,2,PERSON,9,0.0046923879040667365
none,none,2,MONEY,1,0.0005213764337851929
none,none,2,DATE,3,0.0015641293013555788
none,none,2,FAC,1,0.0005213764337851929
none,none,2,LOC,1,0.0005213764337851929
none,none,2,TOTAL,48,0.02502606882168926
none,none,2,GPE,27,0.014077163712200209
none,none,2,ORG,6,0.0031282586027111575
none,none,2,PERSON,9,0.0046923879040667365
none,none,2,MONEY,1,0.0005213764337851929
none,none,2,DATE,3,0.0015641293013555788
none,none,2,FAC,1,0.0005213764337851929
none,none,2,LOC,1,0.0005213764337851929
none,none,2,TOTAL,48,0.02502606882168926
none,none,2,GPE,27,0.014077163712200209
none,none,2,ORG,6,0.0031282586027111575
none,none,2,PERSON,9,0.0046923879040667365
none,none,2,MONEY,1,0.0005213764337851929
none,none,2,DATE,3,0.0015641293013555788
none,none,2,FAC,1,0.0005213764337851929
none,none,2,LOC,1,0.0005213764337851929
none,none,2,TOTAL,48,0.02502606882168926
none,manual_example,2,GPE,11,0.00842911877394636
none,manual_example,2,ORG,4,0.0030651340996168583
none,manual_example,2,PERSON,4,0.0030651340996168583
none,manual_example,2,DATE,2,0.0015325670498084292
none,manual_example,2,TOTAL,21,0.016091954022988506
none,manual_example,2,GPE,11,0.00842911877394636
none,manual_example,2,ORG,4,0.0030651340996168583
none,manual_example,2,PERSON,4,0.0030651340996168583
none,manual_example,2,DATE,2,0.0015325670498084292
none,manual_example,2,TOTAL,21,0.016091954022988506
none,manual_example,2,GPE,11,0.00842911877394636
none,manual_example,2,ORG,4,0.0030651340996168583
none,manual_example,2,PERSON,4,0.0030651340996168583
none,manual_example,2,DATE,2,0.0015325670498084292
none,manual_example,2,TOTAL,21,0.016091954022988506
none,masked_manual_example,2,GPE,18,0.009620523784072688
none,masked_manual_example,2,PERSON,4,0.002137894174238375
none,masked_manual_example,2,ORG,4,0.002137894174238375
none,masked_manual_example,2,DATE,1,0.0005344735435595938
none,masked_manual_example,2,FAC,1,0.0005344735435595938
none,masked_manual_example,2,NORP,1,0.0005344735435595938
none,masked_manual_example,2,QUANTITY,1,0.0005344735435595938
none,masked_manual_example,2,LOC,1,0.0005344735435595938
none,masked_manual_example,2,TOTAL,31,0.016568679850347406
none,masked_manual_example,2,GPE,18,0.009620523784072688
none,masked_manual_example,2,PERSON,4,0.002137894174238375
none,masked_manual_example,2,ORG,4,0.002137894174238375
none,masked_manual_example,2,DATE,1,0.0005344735435595938
none,masked_manual_example,2,FAC,1,0.0005344735435595938
none,masked_manual_example,2,NORP,1,0.0005344735435595938
none,masked_manual_example,2,QUANTITY,1,0.0005344735435595938
none,masked_manual_example,2,LOC,1,0.0005344735435595938
none,masked_manual_example,2,TOTAL,31,0.016568679850347406
none,masked_manual_example,2,GPE,18,0.009620523784072688
none,masked_manual_example,2,PERSON,4,0.002137894174238375
none,masked_manual_example,2,ORG,4,0.002137894174238375
none,masked_manual_example,2,DATE,1,0.0005344735435595938
none,masked_manual_example,2,FAC,1,0.0005344735435595938
none,masked_manual_example,2,NORP,1,0.0005344735435595938
none,masked_manual_example,2,QUANTITY,1,0.0005344735435595938
none,masked_manual_example,2,LOC,1,0.0005344735435595938
none,masked_manual_example,2,TOTAL,31,0.016568679850347406
none,masked_template,2,PERCENT,1,0.0003965107057890563
none,masked_template,2,GPE,24,0.00951625693893735
none,masked_template,2,DATE,3,0.0011895321173671688
none,masked_template,2,PERSON,6,0.0023790642347343376
none,masked_template,2,ORG,6,0.0023790642347343376
none,masked_template,2,MONEY,1,0.0003965107057890563
none,masked_template,2,FAC,1,0.0003965107057890563
none,masked_template,2,CARDINAL,1,0.0003965107057890563
none,masked_template,2,TOTAL,43,0.01704996034892942
none,masked_template,2,PERCENT,1,0.0003965107057890563
none,masked_template,2,GPE,24,0.00951625693893735
none,masked_template,2,DATE,3,0.0011895321173671688
none,masked_template,2,PERSON,6,0.0023790642347343376
none,masked_template,2,ORG,6,0.0023790642347343376
none,masked_template,2,MONEY,1,0.0003965107057890563
none,masked_template,2,FAC,1,0.0003965107057890563
none,masked_template,2,CARDINAL,1,0.0003965107057890563
none,masked_template,2,TOTAL,43,0.01704996034892942
none,masked_template,2,PERCENT,1,0.0003965107057890563
none,masked_template,2,GPE,24,0.00951625693893735
none,masked_template,2,DATE,3,0.0011895321173671688
none,masked_template,2,PERSON,6,0.0023790642347343376
none,masked_template,2,ORG,6,0.0023790642347343376
none,masked_template,2,MONEY,1,0.0003965107057890563
none,masked_template,2,FAC,1,0.0003965107057890563
none,masked_template,2,CARDINAL,1,0.0003965107057890563
none,masked_template,2,TOTAL,43,0.01704996034892942
self,none,2,GPE,14,0.005548949663099485
self,none,2,PERSON,9,0.0035671819262782403
self,none,2,MONEY,1,0.00039635354736424893
self,none,2,ORG,6,0.0023781212841854932
self,none,2,DATE,6,0.0023781212841854932
self,none,2,FAC,1,0.00039635354736424893
self,none,2,TOTAL,37,0.01466508125247721
self,none,2,GPE,14,0.005548949663099485
self,none,2,PERSON,9,0.0035671819262782403
self,none,2,MONEY,1,0.00039635354736424893
self,none,2,ORG,6,0.0023781212841854932
self,none,2,DATE,6,0.0023781212841854932
self,none,2,FAC,1,0.00039635354736424893
self,none,2,TOTAL,37,0.01466508125247721
self,none,2,GPE,14,0.005548949663099485
self,none,2,PERSON,9,0.0035671819262782403
self,none,2,MONEY,1,0.00039635354736424893
self,none,2,ORG,6,0.0023781212841854932
self,none,2,DATE,6,0.0023781212841854932
self,none,2,FAC,1,0.00039635354736424893
self,none,2,TOTAL,37,0.01466508125247721
self,manual_example,2,PERSON,2,0.0014914243102162564
self,manual_example,2,GPE,16,0.011931394481730051
self,manual_example,2,ORG,1,0.0007457121551081282
self,manual_example,2,TOTAL,19,0.014168530947054437
self,manual_example,2,PERSON,2,0.0014914243102162564
self,manual_example,2,GPE,16,0.011931394481730051
self,manual_example,2,ORG,1,0.0007457121551081282
self,manual_example,2,TOTAL,19,0.014168530947054437
self,manual_example,2,PERSON,2,0.0014914243102162564
self,manual_example,2,GPE,16,0.011931394481730051
self,manual_example,2,ORG,1,0.0007457121551081282
self,manual_example,2,TOTAL,19,0.014168530947054437
self,masked_manual_example,2,GPE,20,0.012738853503184714
self,masked_manual_example,2,PERSON,8,0.005095541401273885
self,masked_manual_example,2,CARDINAL,1,0.0006369426751592356
self,masked_manual_example,2,TOTAL,29,0.018471337579617834
self,masked_manual_example,2,GPE,20,0.012738853503184714
self,masked_manual_example,2,PERSON,8,0.005095541401273885
self,masked_manual_example,2,CARDINAL,1,0.0006369426751592356
self,masked_manual_example,2,TOTAL,29,0.018471337579617834
self,masked_manual_example,2,GPE,20,0.012738853503184714
self,masked_manual_example,2,PERSON,8,0.005095541401273885
self,masked_manual_example,2,CARDINAL,1,0.0006369426751592356
self,masked_manual_example,2,TOTAL,29,0.018471337579617834
self,masked_template,2,GPE,17,0.00968109339407745
self,masked_template,2,PERSON,3,0.0017084282460136675
self,masked_template,2,NORP,1,0.0005694760820045558
self,masked_template,2,ORG,1,0.0005694760820045558
self,masked_template,2,TOTAL,22,0.012528473804100227
self,masked_template,2,GPE,17,0.00968109339407745
self,masked_template,2,PERSON,3,0.0017084282460136675
self,masked_template,2,NORP,1,0.0005694760820045558
self,masked_template,2,ORG,1,0.0005694760820045558
self,masked_template,2,TOTAL,22,0.012528473804100227
self,masked_template,2,GPE,17,0.00968109339407745
self,masked_template,2,PERSON,3,0.0017084282460136675
self,masked_template,2,NORP,1,0.0005694760820045558
self,masked_template,2,ORG,1,0.0005694760820045558
self,masked_template,2,TOTAL,22,0.012528473804100227
peer,none,2,GPE,8,0.004507042253521127
peer,none,2,CARDINAL,1,0.0005633802816901409
peer,none,2,DATE,1,0.0005633802816901409
peer,none,2,TOTAL,10,0.005633802816901409
peer,none,2,GPE,8,0.004507042253521127
peer,none,2,CARDINAL,1,0.0005633802816901409
peer,none,2,DATE,1,0.0005633802816901409
peer,none,2,TOTAL,10,0.005633802816901409
peer,none,2,GPE,8,0.004507042253521127
peer,none,2,CARDINAL,1,0.0005633802816901409
peer,none,2,DATE,1,0.0005633802816901409
peer,none,2,TOTAL,10,0.005633802816901409
peer,manual_example,2,ORG,5,0.0032404406999351912
peer,manual_example,2,GPE,11,0.007128969539857421
peer,manual_example,2,NORP,1,0.0006480881399870382
peer,manual_example,2,DATE,1,0.0006480881399870382
peer,manual_example,2,PERSON,3,0.0019442644199611147
peer,manual_example,2,CARDINAL,1,0.0006480881399870382
peer,manual_example,2,TOTAL,22,0.014257939079714841
peer,manual_example,2,ORG,5,0.0032404406999351912
peer,manual_example,2,GPE,11,0.007128969539857421
peer,manual_example,2,NORP,1,0.0006480881399870382
peer,manual_example,2,DATE,1,0.0006480881399870382
peer,manual_example,2,PERSON,3,0.0019442644199611147
peer,manual_example,2,CARDINAL,1,0.0006480881399870382
peer,manual_example,2,TOTAL,22,0.014257939079714841
peer,manual_example,2,ORG,5,0.0032404406999351912
peer,manual_example,2,GPE,11,0.007128969539857421
peer,manual_example,2,NORP,1,0.0006480881399870382
peer,manual_example,2,DATE,1,0.0006480881399870382
peer,manual_example,2,PERSON,3,0.0019442644199611147
peer,manual_example,2,CARDINAL,1,0.0006480881399870382
peer,manual_example,2,TOTAL,22,0.014257939079714841
peer,masked_manual_example,2,GPE,14,0.009900990099009901
peer,masked_manual_example,2,PERSON,8,0.005657708628005658
peer,masked_manual_example,2,ORG,4,0.002828854314002829
peer,masked_manual_example,2,FAC,1,0.0007072135785007072
peer,masked_manual_example,2,CARDINAL,1,0.0007072135785007072
peer,masked_manual_example,2,TOTAL,28,0.019801980198019802
peer,masked_manual_example,2,GPE,14,0.009900990099009901
peer,masked_manual_example,2,PERSON,8,0.005657708628005658
peer,masked_manual_example,2,ORG,4,0.002828854314002829
peer,masked_manual_example,2,FAC,1,0.0007072135785007072
peer,masked_manual_example,2,CARDINAL,1,0.0007072135785007072
peer,masked_manual_example,2,TOTAL,28,0.019801980198019802
peer,masked_manual_example,2,GPE,14,0.009900990099009901
peer,masked_manual_example,2,PERSON,8,0.005657708628005658
peer,masked_manual_example,2,ORG,4,0.002828854314002829
peer,masked_manual_example,2,FAC,1,0.0007072135785007072
peer,masked_manual_example,2,CARDINAL,1,0.0007072135785007072
peer,masked_manual_example,2,TOTAL,28,0.019801980198019802
peer,masked_template,2,ORG,6,0.0034662045060658577
peer,masked_template,2,GPE,12,0.006932409012131715
peer,masked_template,2,PERSON,4,0.002310803004043905
peer,masked_template,2,FAC,2,0.0011554015020219526
peer,masked_template,2,NORP,2,0.0011554015020219526
peer,masked_template,2,TOTAL,26,0.015020219526285385
peer,masked_template,2,ORG,6,0.0034662045060658577
peer,masked_template,2,GPE,12,0.006932409012131715
peer,masked_template,2,PERSON,4,0.002310803004043905
peer,masked_template,2,FAC,2,0.0011554015020219526
peer,masked_template,2,NORP,2,0.0011554015020219526
peer,masked_template,2,TOTAL,26,0.015020219526285385
peer,masked_template,2,ORG,6,0.0034662045060658577
peer,masked_template,2,GPE,12,0.006932409012131715
peer,masked_template,2,PERSON,4,0.002310803004043905
peer,masked_template,2,FAC,2,0.0011554015020219526
peer,masked_template,2,NORP,2,0.0011554015020219526
peer,masked_template,2,TOTAL,26,0.015020219526285385
manager,none,2,GPE,25,0.0166333998669328
manager,none,2,PERSON,3,0.001996007984031936
manager,none,2,DATE,1,0.0006653359946773121
manager,none,2,MONEY,1,0.0006653359946773121
manager,none,2,FAC,1,0.0006653359946773121
manager,none,2,TOTAL,31,0.020625415834996674
manager,none,2,GPE,25,0.0166333998669328
manager,none,2,PERSON,3,0.001996007984031936
manager,none,2,DATE,1,0.0006653359946773121
manager,none,2,MONEY,1,0.0006653359946773121
manager,none,2,FAC,1,0.0006653359946773121
manager,none,2,TOTAL,31,0.020625415834996674
manager,none,2,GPE,25,0.0166333998669328
manager,none,2,PERSON,3,0.001996007984031936
manager,none,2,DATE,1,0.0006653359946773121
manager,none,2,MONEY,1,0.0006653359946773121
manager,none,2,FAC,1,0.0006653359946773121
manager,none,2,TOTAL,31,0.020625415834996674
manager,manual_example,2,LOC,1,0.001076426264800861
manager,manual_example,2,GPE,6,0.006458557588805167
manager,manual_example,2,PERSON,2,0.002152852529601722
manager,manual_example,2,ORG,1,0.001076426264800861
manager,manual_example,2,CARDINAL,1,0.001076426264800861
manager,manual_example,2,PERCENT,1,0.001076426264800861
manager,manual_example,2,TOTAL,12,0.012917115177610334
manager,manual_example,2,LOC,1,0.001076426264800861
manager,manual_example,2,GPE,6,0.006458557588805167
manager,manual_example,2,PERSON,2,0.002152852529601722
manager,manual_example,2,ORG,1,0.001076426264800861
manager,manual_example,2,CARDINAL,1,0.001076426264800861
manager,manual_example,2,PERCENT,1,0.001076426264800861
manager,manual_example,2,TOTAL,12,0.012917115177610334
manager,manual_example,2,LOC,1,0.001076426264800861
manager,manual_example,2,GPE,6,0.006458557588805167
manager,manual_example,2,PERSON,2,0.002152852529601722
manager,manual_example,2,ORG,1,0.001076426264800861
manager,manual_example,2,CARDINAL,1,0.001076426264800861
manager,manual_example,2,PERCENT,1,0.001076426264800861
manager,manual_example,2,TOTAL,12,0.012917115177610334
manager,masked_manual_example,2,GPE,10,0.00784313725490196
manager,masked_manual_example,2,PERSON,5,0.00392156862745098
manager,masked_manual_example,2,ORG,1,0.000784313725490196
manager,masked_manual_example,2,TOTAL,16,0.012549019607843137
manager,masked_manual_example,2,GPE,10,0.00784313725490196
manager,masked_manual_example,2,PERSON,5,0.00392156862745098
manager,masked_manual_example,2,ORG,1,0.000784313725490196
manager,masked_manual_example,2,TOTAL,16,0.012549019607843137
manager,masked_manual_example,2,GPE,10,0.00784313725490196
manager,masked_manual_example,2,PERSON,5,0.00392156862745098
manager,masked_manual_example,2,ORG,1,0.000784313725490196
manager,masked_manual_example,2,TOTAL,16,0.012549019607843137
manager,masked_template,2,CARDINAL,4,0.002011060834590246
manager,masked_template,2,PERCENT,2,0.001005530417295123
manager,masked_template,2,GPE,25,0.01256913021618904
manager,masked_template,2,PERSON,2,0.001005530417295123
manager,masked_template,2,ORG,4,0.002011060834590246
manager,masked_template,2,MONEY,2,0.001005530417295123
manager,masked_template,2,NORP,1,0.0005027652086475615
manager,masked_template,2,TOTAL,40,0.020110608345902465
manager,masked_template,2,CARDINAL,4,0.002011060834590246
manager,masked_template,2,PERCENT,2,0.001005530417295123
manager,masked_template,2,GPE,25,0.01256913021618904
manager,masked_template,2,PERSON,2,0.001005530417295123
manager,masked_template,2,ORG,4,0.002011060834590246
manager,masked_template,2,MONEY,2,0.001005530417295123
manager,masked_template,2,NORP,1,0.0005027652086475615
manager,masked_template,2,TOTAL,40,0.020110608345902465
manager,masked_template,2,CARDINAL,4,0.002011060834590246
manager,masked_template,2,PERCENT,2,0.001005530417295123
manager,masked_template,2,GPE,25,0.01256913021618904
manager,masked_template,2,PERSON,2,0.001005530417295123
manager,masked_template,2,ORG,4,0.002011060834590246
manager,masked_template,2,MONEY,2,0.001005530417295123
manager,masked_template,2,NORP,1,0.0005027652086475615
manager,masked_template,2,TOTAL,40,0.020110608345902465
none,none,3,PERSON,12,0.005679129200189304
none,none,3,ORG,2,0.000946521533364884
none,none,3,NORP,2,0.000946521533364884
none,none,3,GPE,5,0.00236630383341221
none,none,3,DATE,1,0.000473260766682442
none,none,3,MONEY,3,0.001419782300047326
none,none,3,LOC,2,0.000946521533364884
none,none,3,TOTAL,27,0.012778040700425935
none,none,3,PERSON,12,0.005679129200189304
none,none,3,ORG,2,0.000946521533364884
none,none,3,NORP,2,0.000946521533364884
none,none,3,GPE,5,0.00236630383341221
none,none,3,DATE,1,0.000473260766682442
none,none,3,MONEY,3,0.001419782300047326
none,none,3,LOC,2,0.000946521533364884
none,none,3,TOTAL,27,0.012778040700425935
none,none,3,PERSON,12,0.005679129200189304
none,none,3,ORG,2,0.000946521533364884
none,none,3,NORP,2,0.000946521533364884
none,none,3,GPE,5,0.00236630383341221
none,none,3,DATE,1,0.000473260766682442
none,none,3,MONEY,3,0.001419782300047326
none,none,3,LOC,2,0.000946521533364884
none,none,3,TOTAL,27,0.012778040700425935
none,manual_example,3,NORP,1,0.0011494252873563218
none,manual_example,3,GPE,1,0.0011494252873563218
none,manual_example,3,PERSON,2,0.0022988505747126436
none,manual_example,3,CARDINAL,2,0.0022988505747126436
none,manual_example,3,TIME,2,0.0022988505747126436
none,manual_example,3,TOTAL,8,0.009195402298850575
none,manual_example,3,NORP,1,0.0011494252873563218
none,manual_example,3,GPE,1,0.0011494252873563218
none,manual_example,3,PERSON,2,0.0022988505747126436
none,manual_example,3,CARDINAL,2,0.0022988505747126436
none,manual_example,3,TIME,2,0.0022988505747126436
none,manual_example,3,TOTAL,8,0.009195402298850575
none,manual_example,3,NORP,1,0.0011494252873563218
none,manual_example,3,GPE,1,0.0011494252873563218
none,manual_example,3,PERSON,2,0.0022988505747126436
none,manual_example,3,CARDINAL,2,0.0022988505747126436
none,manual_example,3,TIME,2,0.0022988505747126436
none,manual_example,3,TOTAL,8,0.009195402298850575
none,masked_manual_example,3,NORP,3,0.0024671052631578946
none,masked_manual_example,3,PERSON,9,0.007401315789473684
none,masked_manual_example,3,ORG,2,0.001644736842105263
none,masked_manual_example,3,GPE,10,0.008223684210526315
none,masked_manual_example,3,FAC,2,0.001644736842105263
none,masked_manual_example,3,MONEY,1,0.0008223684210526315
none,masked_manual_example,3,TOTAL,27,0.022203947368421052
none,masked_manual_example,3,NORP,3,0.0024671052631578946
none,masked_manual_example,3,PERSON,9,0.007401315789473684
none,masked_manual_example,3,ORG,2,0.001644736842105263
none,masked_manual_example,3,GPE,10,0.008223684210526315
none,masked_manual_example,3,FAC,2,0.001644736842105263
none,masked_manual_example,3,MONEY,1,0.0008223684210526315
none,masked_manual_example,3,TOTAL,27,0.022203947368421052
none,masked_manual_example,3,NORP,3,0.0024671052631578946
none,masked_manual_example,3,PERSON,9,0.007401315789473684
none,masked_manual_example,3,ORG,2,0.001644736842105263
none,masked_manual_example,3,GPE,10,0.008223684210526315
none,masked_manual_example,3,FAC,2,0.001644736842105263
none,masked_manual_example,3,MONEY,1,0.0008223684210526315
none,masked_manual_example,3,TOTAL,27,0.022203947368421052
none,masked_template,3,NORP,6,0.002617801047120419
none,masked_template,3,GPE,13,0.005671902268760907
none,masked_template,3,PERSON,8,0.0034904013961605585
none,masked_template,3,ORG,3,0.0013089005235602095
none,masked_template,3,DATE,2,0.0008726003490401396
none,masked_template,3,CARDINAL,6,0.002617801047120419
none,masked_template,3,MONEY,1,0.0004363001745200698
none,masked_template,3,TIME,1,0.0004363001745200698
none,masked_template,3,TOTAL,40,0.017452006980802792
none,masked_template,3,NORP,6,0.002617801047120419
none,masked_template,3,GPE,13,0.005671902268760907
none,masked_template,3,PERSON,8,0.0034904013961605585
none,masked_template,3,ORG,3,0.0013089005235602095
none,masked_template,3,DATE,2,0.0008726003490401396
none,masked_template,3,CARDINAL,6,0.002617801047120419
none,masked_template,3,MONEY,1,0.0004363001745200698
none,masked_template,3,TIME,1,0.0004363001745200698
none,masked_template,3,TOTAL,40,0.017452006980802792
none,masked_template,3,NORP,6,0.002617801047120419
none,masked_template,3,GPE,13,0.005671902268760907
none,masked_template,3,PERSON,8,0.0034904013961605585
none,masked_template,3,ORG,3,0.0013089005235602095
none,masked_template,3,DATE,2,0.0008726003490401396
none,masked_template,3,CARDINAL,6,0.002617801047120419
none,masked_template,3,MONEY,1,0.0004363001745200698
none,masked_template,3,TIME,1,0.0004363001745200698
none,masked_template,3,TOTAL,40,0.017452006980802792
self,none,3,NORP,6,0.002451982018798529
self,none,3,GPE,15,0.006129955046996322
self,none,3,DATE,4,0.0016346546791990192
self,none,3,ORG,2,0.0008173273395995096
self,none,3,PERSON,13,0.0053126277073968125
self,none,3,CARDINAL,4,0.0016346546791990192
self,none,3,MONEY,1,0.0004086636697997548
self,none,3,TOTAL,45,0.018389865140988965
self,none,3,NORP,6,0.002451982018798529
self,none,3,GPE,15,0.006129955046996322
self,none,3,DATE,4,0.0016346546791990192
self,none,3,ORG,2,0.0008173273395995096
self,none,3,PERSON,13,0.0053126277073968125
self,none,3,CARDINAL,4,0.0016346546791990192
self,none,3,MONEY,1,0.0004086636697997548
self,none,3,TOTAL,45,0.018389865140988965
self,none,3,NORP,6,0.002451982018798529
self,none,3,GPE,15,0.006129955046996322
self,none,3,DATE,4,0.0016346546791990192
self,none,3,ORG,2,0.0008173273395995096
self,none,3,PERSON,13,0.0053126277073968125
self,none,3,CARDINAL,4,0.0016346546791990192
self,none,3,MONEY,1,0.0004086636697997548
self,none,3,TOTAL,45,0.018389865140988965
self,manual_example,3,NORP,4,0.0028011204481792717
self,manual_example,3,PERSON,6,0.004201680672268907
self,manual_example,3,ORG,2,0.0014005602240896359
self,manual_example,3,GPE,5,0.0035014005602240898
self,manual_example,3,CARDINAL,2,0.0014005602240896359
self,manual_example,3,LOC,1,0.0007002801120448179
self,manual_example,3,TIME,1,0.0007002801120448179
self,manual_example,3,TOTAL,21,0.014705882352941176
self,manual_example,3,NORP,4,0.0028011204481792717
self,manual_example,3,PERSON,6,0.004201680672268907
self,manual_example,3,ORG,2,0.0014005602240896359
self,manual_example,3,GPE,5,0.0035014005602240898
self,manual_example,3,CARDINAL,2,0.0014005602240896359
self,manual_example,3,LOC,1,0.0007002801120448179
self,manual_example,3,TIME,1,0.0007002801120448179
self,manual_example,3,TOTAL,21,0.014705882352941176
self,manual_example,3,NORP,4,0.0028011204481792717
self,manual_example,3,PERSON,6,0.004201680672268907
self,manual_example,3,ORG,2,0.0014005602240896359
self,manual_example,3,GPE,5,0.0035014005602240898
self,manual_example,3,CARDINAL,2,0.0014005602240896359
self,manual_example,3,LOC,1,0.0007002801120448179
self,manual_example,3,TIME,1,0.0007002801120448179
self,manual_example,3,TOTAL,21,0.014705882352941176
self,masked_manual_example,3,NORP,2,0.002070393374741201
self,masked_manual_example,3,CARDINAL,1,0.0010351966873706005
self,masked_manual_example,3,TIME,3,0.003105590062111801
self,masked_manual_example,3,PERSON,3,0.003105590062111801
self,masked_manual_example,3,GPE,6,0.006211180124223602
self,masked_manual_example,3,TOTAL,15,0.015527950310559006
self,masked_manual_example,3,NORP,2,0.002070393374741201
self,masked_manual_example,3,CARDINAL,1,0.0010351966873706005
self,masked_manual_example,3,TIME,3,0.003105590062111801
self,masked_manual_example,3,PERSON,3,0.003105590062111801
self,masked_manual_example,3,GPE,6,0.006211180124223602
self,masked_manual_example,3,TOTAL,15,0.015527950310559006
self,masked_manual_example,3,NORP,2,0.002070393374741201
self,masked_manual_example,3,CARDINAL,1,0.0010351966873706005
self,masked_manual_example,3,TIME,3,0.003105590062111801
self,masked_manual_example,3,PERSON,3,0.003105590062111801
self,masked_manual_example,3,GPE,6,0.006211180124223602
self,masked_manual_example,3,TOTAL,15,0.015527950310559006
self,masked_template,3,PERCENT,1,0.0005494505494505495
self,masked_template,3,NORP,6,0.0032967032967032967
self,masked_template,3,GPE,5,0.0027472527472527475
self,masked_template,3,CARDINAL,1,0.0005494505494505495
self,masked_template,3,PERSON,1,0.0005494505494505495
self,masked_template,3,MONEY,1,0.0005494505494505495
self,masked_template,3,TOTAL,15,0.008241758241758242
self,masked_template,3,PERCENT,1,0.0005494505494505495
self,masked_template,3,NORP,6,0.0032967032967032967
self,masked_template,3,GPE,5,0.0027472527472527475
self,masked_template,3,CARDINAL,1,0.0005494505494505495
self,masked_template,3,PERSON,1,0.0005494505494505495
self,masked_template,3,MONEY,1,0.0005494505494505495
self,masked_template,3,TOTAL,15,0.008241758241758242
self,masked_template,3,PERCENT,1,0.0005494505494505495
self,masked_template,3,NORP,6,0.0032967032967032967
self,masked_template,3,GPE,5,0.0027472527472527475
self,masked_template,3,CARDINAL,1,0.0005494505494505495
self,masked_template,3,PERSON,1,0.0005494505494505495
self,masked_template,3,MONEY,1,0.0005494505494505495
self,masked_template,3,TOTAL,15,0.008241758241758242
peer,none,3,GPE,13,0.0038370720188902006
peer,none,3,DATE,3,0.0008854781582054309
peer,none,3,CARDINAL,3,0.0008854781582054309
peer,none,3,PERSON,6,0.0017709563164108619
peer,none,3,ORG,7,0.002066115702479339
peer,none,3,MONEY,3,0.0008854781582054309
peer,none,3,NORP,3,0.0008854781582054309
peer,none,3,LOC,1,0.00029515938606847696
peer,none,3,FAC,1,0.00029515938606847696
peer,none,3,TOTAL,40,0.011806375442739079
peer,none,3,GPE,13,0.0038370720188902006
peer,none,3,DATE,3,0.0008854781582054309
peer,none,3,CARDINAL,3,0.0008854781582054309
peer,none,3,PERSON,6,0.0017709563164108619
peer,none,3,ORG,7,0.002066115702479339
peer,none,3,MONEY,3,0.0008854781582054309
peer,none,3,NORP,3,0.0008854781582054309
peer,none,3,LOC,1,0.00029515938606847696
peer,none,3,FAC,1,0.00029515938606847696
peer,none,3,TOTAL,40,0.011806375442739079
peer,none,3,GPE,13,0.0038370720188902006
peer,none,3,DATE,3,0.0008854781582054309
peer,none,3,CARDINAL,3,0.0008854781582054309
peer,none,3,PERSON,6,0.0017709563164108619
peer,none,3,ORG,7,0.002066115702479339
peer,none,3,MONEY,3,0.0008854781582054309
peer,none,3,NORP,3,0.0008854781582054309
peer,none,3,LOC,1,0.00029515938606847696
peer,none,3,FAC,1,0.00029515938606847696
peer,none,3,TOTAL,40,0.011806375442739079
peer,manual_example,3,NORP,1,0.0006784260515603799
peer,manual_example,3,PERSON,9,0.006105834464043419
peer,manual_example,3,ORG,3,0.0020352781546811396
peer,manual_example,3,GPE,12,0.008141112618724558
peer,manual_example,3,CARDINAL,1,0.0006784260515603799
peer,manual_example,3,TOTAL,26,0.017639077340569877
peer,manual_example,3,NORP,1,0.0006784260515603799
peer,manual_example,3,PERSON,9,0.006105834464043419
peer,manual_example,3,ORG,3,0.0020352781546811396
peer,manual_example,3,GPE,12,0.008141112618724558
peer,manual_example,3,CARDINAL,1,0.0006784260515603799
peer,manual_example,3,TOTAL,26,0.017639077340569877
peer,manual_example,3,NORP,1,0.0006784260515603799
peer,manual_example,3,PERSON,9,0.006105834464043419
peer,manual_example,3,ORG,3,0.0020352781546811396
peer,manual_example,3,GPE,12,0.008141112618724558
peer,manual_example,3,CARDINAL,1,0.0006784260515603799
peer,manual_example,3,TOTAL,26,0.017639077340569877
peer,masked_manual_example,3,PERSON,8,0.0039100684261974585
peer,masked_manual_example,3,GPE,16,0.007820136852394917
peer,masked_manual_example,3,EVENT,1,0.0004887585532746823
peer,masked_manual_example,3,PRODUCT,1,0.0004887585532746823
peer,masked_manual_example,3,LOC,2,0.0009775171065493646
peer,masked_manual_example,3,CARDINAL,2,0.0009775171065493646
peer,masked_manual_example,3,NORP,4,0.0019550342130987292
peer,masked_manual_example,3,DATE,2,0.0009775171065493646
peer,masked_manual_example,3,TOTAL,36,0.017595307917888565
peer,masked_manual_example,3,PERSON,8,0.0039100684261974585
peer,masked_manual_example,3,GPE,16,0.007820136852394917
peer,masked_manual_example,3,EVENT,1,0.0004887585532746823
peer,masked_manual_example,3,PRODUCT,1,0.0004887585532746823
peer,masked_manual_example,3,LOC,2,0.0009775171065493646
peer,masked_manual_example,3,CARDINAL,2,0.0009775171065493646
peer,masked_manual_example,3,NORP,4,0.0019550342130987292
peer,masked_manual_example,3,DATE,2,0.0009775171065493646
peer,masked_manual_example,3,TOTAL,36,0.017595307917888565
peer,masked_manual_example,3,PERSON,8,0.0039100684261974585
peer,masked_manual_example,3,GPE,16,0.007820136852394917
peer,masked_manual_example,3,EVENT,1,0.0004887585532746823
peer,masked_manual_example,3,PRODUCT,1,0.0004887585532746823
peer,masked_manual_example,3,LOC,2,0.0009775171065493646
peer,masked_manual_example,3,CARDINAL,2,0.0009775171065493646
peer,masked_manual_example,3,NORP,4,0.0019550342130987292
peer,masked_manual_example,3,DATE,2,0.0009775171065493646
peer,masked_manual_example,3,TOTAL,36,0.017595307917888565
peer,masked_template,3,CARDINAL,3,0.0012914334911752045
peer,masked_template,3,GPE,13,0.005596211795092553
peer,masked_template,3,ORG,6,0.002582866982350409
peer,masked_template,3,PERSON,8,0.0034438226431338786
peer,masked_template,3,DATE,1,0.00043047783039173483
peer,masked_template,3,NORP,2,0.0008609556607834697
peer,masked_template,3,LOC,1,0.00043047783039173483
peer,masked_template,3,TOTAL,34,0.014636246233318984
peer,masked_template,3,CARDINAL,3,0.0012914334911752045
peer,masked_template,3,GPE,13,0.005596211795092553
peer,masked_template,3,ORG,6,0.002582866982350409
peer,masked_template,3,PERSON,8,0.0034438226431338786
peer,masked_template,3,DATE,1,0.00043047783039173483
peer,masked_template,3,NORP,2,0.0008609556607834697
peer,masked_template,3,LOC,1,0.00043047783039173483
peer,masked_template,3,TOTAL,34,0.014636246233318984
peer,masked_template,3,CARDINAL,3,0.0012914334911752045
peer,masked_template,3,GPE,13,0.005596211795092553
peer,masked_template,3,ORG,6,0.002582866982350409
peer,masked_template,3,PERSON,8,0.0034438226431338786
peer,masked_template,3,DATE,1,0.00043047783039173483
peer,masked_template,3,NORP,2,0.0008609556607834697
peer,masked_template,3,LOC,1,0.00043047783039173483
peer,masked_template,3,TOTAL,34,0.014636246233318984
manager,none,3,NORP,6,0.0022396416573348264
manager,none,3,FAC,1,0.0003732736095558044
manager,none,3,GPE,16,0.0059723777528928705
manager,none,3,PERSON,5,0.001866368047779022
manager,none,3,DATE,3,0.0011198208286674132
manager,none,3,ORG,4,0.0014930944382232176
manager,none,3,MONEY,1,0.0003732736095558044
manager,none,3,CARDINAL,2,0.0007465472191116088
manager,none,3,TOTAL,38,0.014184397163120567
manager,none,3,NORP,6,0.0022396416573348264
manager,none,3,FAC,1,0.0003732736095558044
manager,none,3,GPE,16,0.0059723777528928705
manager,none,3,PERSON,5,0.001866368047779022
manager,none,3,DATE,3,0.0011198208286674132
manager,none,3,ORG,4,0.0014930944382232176
manager,none,3,MONEY,1,0.0003732736095558044
manager,none,3,CARDINAL,2,0.0007465472191116088
manager,none,3,TOTAL,38,0.014184397163120567
manager,none,3,NORP,6,0.0022396416573348264
manager,none,3,FAC,1,0.0003732736095558044
manager,none,3,GPE,16,0.0059723777528928705
manager,none,3,PERSON,5,0.001866368047779022
manager,none,3,DATE,3,0.0011198208286674132
manager,none,3,ORG,4,0.0014930944382232176
manager,none,3,MONEY,1,0.0003732736095558044
manager,none,3,CARDINAL,2,0.0007465472191116088
manager,none,3,TOTAL,38,0.014184397163120567
manager,manual_example,3,LOC,1,0.0008097165991902834
manager,manual_example,3,GPE,1,0.0008097165991902834
manager,manual_example,3,TIME,2,0.0016194331983805667
manager,manual_example,3,PERSON,3,0.0024291497975708503
manager,manual_example,3,CARDINAL,1,0.0008097165991902834
manager,manual_example,3,NORP,1,0.0008097165991902834
manager,manual_example,3,TOTAL,9,0.0072874493927125505
manager,manual_example,3,LOC,1,0.0008097165991902834
manager,manual_example,3,GPE,1,0.0008097165991902834
manager,manual_example,3,TIME,2,0.0016194331983805667
manager,manual_example,3,PERSON,3,0.0024291497975708503
manager,manual_example,3,CARDINAL,1,0.0008097165991902834
manager,manual_example,3,NORP,1,0.0008097165991902834
manager,manual_example,3,TOTAL,9,0.0072874493927125505
manager,manual_example,3,LOC,1,0.0008097165991902834
manager,manual_example,3,GPE,1,0.0008097165991902834
manager,manual_example,3,TIME,2,0.0016194331983805667
manager,manual_example,3,PERSON,3,0.0024291497975708503
manager,manual_example,3,CARDINAL,1,0.0008097165991902834
manager,manual_example,3,NORP,1,0.0008097165991902834
manager,manual_example,3,TOTAL,9,0.0072874493927125505
manager,masked_manual_example,3,NORP,4,0.0021321961620469083
manager,masked_manual_example,3,PERSON,7,0.0037313432835820895
manager,masked_manual_example,3,GPE,10,0.005330490405117271
manager,masked_manual_example,3,CARDINAL,4,0.0021321961620469083
manager,masked_manual_example,3,ORG,5,0.0026652452025586353
manager,masked_manual_example,3,DATE,1,0.0005330490405117271
manager,masked_manual_example,3,MONEY,1,0.0005330490405117271
manager,masked_manual_example,3,LOC,1,0.0005330490405117271
manager,masked_manual_example,3,TIME,1,0.0005330490405117271
manager,masked_manual_example,3,TOTAL,34,0.01812366737739872
manager,masked_manual_example,3,NORP,4,0.0021321961620469083
manager,masked_manual_example,3,PERSON,7,0.0037313432835820895
manager,masked_manual_example,3,GPE,10,0.005330490405117271
manager,masked_manual_example,3,CARDINAL,4,0.0021321961620469083
manager,masked_manual_example,3,ORG,5,0.0026652452025586353
manager,masked_manual_example,3,DATE,1,0.0005330490405117271
manager,masked_manual_example,3,MONEY,1,0.0005330490405117271
manager,masked_manual_example,3,LOC,1,0.0005330490405117271
manager,masked_manual_example,3,TIME,1,0.0005330490405117271
manager,masked_manual_example,3,TOTAL,34,0.01812366737739872
manager,masked_manual_example,3,NORP,4,0.0021321961620469083
manager,masked_manual_example,3,PERSON,7,0.0037313432835820895
manager,masked_manual_example,3,GPE,10,0.005330490405117271
manager,masked_manual_example,3,CARDINAL,4,0.0021321961620469083
manager,masked_manual_example,3,ORG,5,0.0026652452025586353
manager,masked_manual_example,3,DATE,1,0.0005330490405117271
manager,masked_manual_example,3,MONEY,1,0.0005330490405117271
manager,masked_manual_example,3,LOC,1,0.0005330490405117271
manager,masked_manual_example,3,TIME,1,0.0005330490405117271
manager,masked_manual_example,3,TOTAL,34,0.01812366737739872
manager,masked_template,3,CARDINAL,2,0.0011918951132300357
manager,masked_template,3,PERCENT,1,0.0005959475566150178
manager,masked_template,3,NORP,6,0.003575685339690107
manager,masked_template,3,MONEY,1,0.0005959475566150178
manager,masked_template,3,GPE,3,0.0017878426698450535
manager,masked_template,3,ORG,1,0.0005959475566150178
manager,masked_template,3,LOC,1,0.0005959475566150178
manager,masked_template,3,TOTAL,15,0.008939213349225268
manager,masked_template,3,CARDINAL,2,0.0011918951132300357
manager,masked_template,3,PERCENT,1,0.0005959475566150178
manager,masked_template,3,NORP,6,0.003575685339690107
manager,masked_template,3,MONEY,1,0.0005959475566150178
manager,masked_template,3,GPE,3,0.0017878426698450535
manager,masked_template,3,ORG,1,0.0005959475566150178
manager,masked_template,3,LOC,1,0.0005959475566150178
manager,masked_template,3,TOTAL,15,0.008939213349225268
manager,masked_template,3,CARDINAL,2,0.0011918951132300357
manager,masked_template,3,PERCENT,1,0.0005959475566150178
manager,masked_template,3,NORP,6,0.003575685339690107
manager,masked_template,3,MONEY,1,0.0005959475566150178
manager,masked_template,3,GPE,3,0.0017878426698450535
manager,masked_template,3,ORG,1,0.0005959475566150178
manager,masked_template,3,LOC,1,0.0005959475566150178
manager,masked_template,3,TOTAL,15,0.008939213349225268
